<application>
  <component name="ProjectJdkTable">
    <jdk version="2">
      <name value="Python 3.7 (Learn)" />
      <type value="Python SDK" />
      <version value="Python 3.7.5" />
      <homePath value="$USER_HOME$/PycharmProjects/Learn/venv/bin/python" />
      <roots>
        <classPath>
          <root type="composite">
            <root url="file:///usr/local/Cellar/python/3.7.5/Frameworks/Python.framework/Versions/3.7/lib/python3.7" type="simple" />
            <root url="file:///usr/local/Cellar/python/3.7.5/Frameworks/Python.framework/Versions/3.7/lib/python3.7/lib-dynload" type="simple" />
            <root url="file://$USER_HOME$/PycharmProjects/Learn/venv/lib/python3.7/site-packages" type="simple" />
            <root url="jar://$USER_HOME$/PycharmProjects/Learn/venv/lib/python3.7/site-packages/setuptools-40.8.0-py3.7.egg!/" type="simple" />
            <root url="file://$USER_HOME$/PycharmProjects/Learn/venv/lib/python3.7/site-packages/pip-19.0.3-py3.7.egg" type="simple" />
            <root url="file://$USER_HOME$/Library/Caches/PyCharm2019.2/python_stubs/-698188879" type="simple" />
            <root url="file://$APPLICATION_HOME_DIR$/helpers/python-skeletons" type="simple" />
            <root url="file://$APPLICATION_HOME_DIR$/helpers/typeshed/stdlib/3" type="simple" />
            <root url="file://$APPLICATION_HOME_DIR$/helpers/typeshed/stdlib/2and3" type="simple" />
            <root url="file://$APPLICATION_HOME_DIR$/helpers/typeshed/third_party/3" type="simple" />
            <root url="file://$APPLICATION_HOME_DIR$/helpers/typeshed/third_party/2and3" type="simple" />
          </root>
        </classPath>
        <sourcePath>
          <root type="composite" />
        </sourcePath>
      </roots>
      <additional ASSOCIATED_PROJECT_PATH="$USER_HOME$/PycharmProjects/Learn" />
    </jdk>
    <jdk version="2">
      <name value="Python 2.7 (venv)" />
      <type value="Python SDK" />
      <homePath value="$USER_HOME$/venv/bin/python" />
      <roots>
        <classPath>
          <root type="composite" />
        </classPath>
        <sourcePath>
          <root type="composite" />
        </sourcePath>
      </roots>
      <additional />
    </jdk>
    <jdk version="2">
      <name value="Python 3.8" />
      <type value="Python SDK" />
      <version value="Python 3.8.0" />
      <homePath value="/usr/local/bin/python3.8" />
      <roots>
        <classPath>
          <root type="composite">
            <root url="file:///Library/Frameworks/Python.framework/Versions/3.8/lib/python3.8" type="simple" />
            <root url="file:///Library/Frameworks/Python.framework/Versions/3.8/lib/python3.8/lib-dynload" type="simple" />
            <root url="file:///Library/Frameworks/Python.framework/Versions/3.8/lib/python3.8/site-packages" type="simple" />
            <root url="file://$USER_HOME$/Library/Caches/PyCharm2019.3/python_stubs/-1199943125" type="simple" />
            <root url="file://$APPLICATION_HOME_DIR$/plugins/python/helpers/python-skeletons" type="simple" />
            <root url="file://$APPLICATION_HOME_DIR$/plugins/python/helpers/typeshed/stdlib/3" type="simple" />
            <root url="file://$APPLICATION_HOME_DIR$/plugins/python/helpers/typeshed/stdlib/2and3" type="simple" />
            <root url="file://$APPLICATION_HOME_DIR$/plugins/python/helpers/typeshed/third_party/3" type="simple" />
            <root url="file://$APPLICATION_HOME_DIR$/plugins/python/helpers/typeshed/third_party/2and3" type="simple" />
          </root>
        </classPath>
        <sourcePath>
          <root type="composite" />
        </sourcePath>
      </roots>
      <additional />
    </jdk>
    <jdk version="2">
      <name value="Python 3.7" />
      <type value="Python SDK" />
      <version value="Python 3.7.5" />
      <homePath value="/usr/local/bin/python3.7" />
      <roots>
        <classPath>
          <root type="composite">
            <root url="file:///usr/local/Cellar/python/3.7.5/Frameworks/Python.framework/Versions/3.7/lib/python3.7" type="simple" />
            <root url="file:///usr/local/Cellar/python/3.7.5/Frameworks/Python.framework/Versions/3.7/lib/python3.7/lib-dynload" type="simple" />
            <root url="file:///usr/local/lib/python3.7/site-packages" type="simple" />
            <root url="file://$USER_HOME$/Library/Caches/PyCharm2019.3/python_stubs/-1199943126" type="simple" />
            <root url="file://$APPLICATION_HOME_DIR$/plugins/python/helpers/python-skeletons" type="simple" />
            <root url="file://$APPLICATION_HOME_DIR$/plugins/python/helpers/typeshed/stdlib/3" type="simple" />
            <root url="file://$APPLICATION_HOME_DIR$/plugins/python/helpers/typeshed/stdlib/2and3" type="simple" />
            <root url="file://$APPLICATION_HOME_DIR$/plugins/python/helpers/typeshed/third_party/3" type="simple" />
            <root url="file://$APPLICATION_HOME_DIR$/plugins/python/helpers/typeshed/third_party/2and3" type="simple" />
          </root>
        </classPath>
        <sourcePath>
          <root type="composite" />
        </sourcePath>
      </roots>
      <additional />
    </jdk>
  </component>
</application>