<application>
  <component name="ProjectManager">
    <defaultProject>
      <component name="JsFlowSettings">
        <service-enabled>true</service-enabled>
        <exe-path />
        <other-services-enabled>true</other-services-enabled>
        <auto-save>true</auto-save>
      </component>
      <component name="ProjectInspectionProfilesVisibleTreeState">
        <entry key="Project Default">
          <profile-state>
            <expanded-state>
              <State />
            </expanded-state>
            <selected-state>
              <State>
                <id>Angular</id>
              </State>
            </selected-state>
          </profile-state>
        </entry>
      </component>
      <component name="ProjectRootManager" version="2" project-jdk-name="Python 3.7" project-jdk-type="Python SDK" />
      <component name="PropertiesComponent">
        <property name="settings.editor.selected.configurable" value="com.jetbrains.python.configuration.PyActiveSdkModuleConfigurable" />
      </component>
    </defaultProject>
  </component>
</application>